Node.Name,Contrast,logFC,CI.L,CI.R,AveExpr,t,P.Value,adj.P.Val,B
betalactams,DilutionNone...DilutionHalf,0.23357870168585,-0.46315257335898,0.930309976730681,10.4346722299889,0.684051792518402,0.499080296289858,0.835599255489101,-7.93727633586482
Sulfonamides,DilutionNone...DilutionHalf,-0.498230717644915,-1.01213321357563,0.0156717782858038,5.72830955585799,-1.06522433582528,0.296677842558115,0.635738234053103,-7.51592697417689
Phenicol,DilutionNone...DilutionHalf,-1.09017830059062,-3.14839570347553,0.968039102294294,3.0015366110779,-2.21647441928068,0.0417890246194931,0.208945123097465,-5.59086316110586
Bacitracin,DilutionNone...DilutionHalf,-0.738321471044328,-3.21390608818999,1.73726314610134,1.00720948919482,-1.21771332949924,0.293713830933082,0.635738234053103,-6.45412415949265
Fosfomycin,DilutionNone...DilutionHalf,-4.77348104182779,-5.6122090984953,-3.93475298516028,0.598178742267172,-21.1817429799292,1.09105302300948e-08,8.18289767257112e-08,10.8209391296851
Nitrofuran,DilutionNone...DilutionHalf,-0.546553348172456,-2.1354198770936,1.04231318074869,0.595854804226368,-2.43160643239083,0.10408466179602,0.312253985388061,-5.02301395479451
Aminocoumarins,DilutionNone...DilutionHalf,1.25355495127783,-0.467758058545947,2.97486796110161,0.500826463567145,1.87649823056082,0.0922005172121683,0.312253985388061,-5.97731193234157
Fluoroquinolones,DilutionNone...DilutionHalf,0.378713350615801,-1.79000375882507,2.54743046005667,0.213576393473678,0.707454686522257,0.501359553293461,0.835599255489101,-7.243103610219
Triclosan,DilutionNone...DilutionHalf,-3.82347749695059,-4.59315440449919,-3.05380058940198,0.119485464034783,-39.5715477623451,3.72924190430298e-09,5.59386285645447e-08,10.1173425415371
